{"cameraMode":{"drawMode":0,"name":"Shaded","section":"Shading Mode"},"sceneLighting":true,"audioPlay":false,"sceneViewState":{"m_AlwaysRefresh":false,"showFog":true,"showSkybox":true,"showFlares":true,"showImageEffects":true,"showParticleSystems":true,"showVisualEffectGraphs":true,"m_FxEnabled":true},"in2DMode":false,"pivot":{"x":1.0600004196166993,"y":3.6800003051757814,"z":-1.540000081062317},"rotation":{"x":0.14534734189510346,"y":-0.6293378472328186,"z":0.12135924398899079,"w":0.7537217140197754},"size":1.1810554265975953,"orthographic":true}