{"cameraMode":{"drawMode":0,"name":"Shaded","section":"Shading Mode"},"sceneLighting":false,"audioPlay":false,"sceneViewState":{"m_AlwaysRefresh":false,"showFog":true,"showSkybox":false,"showFlares":true,"showImageEffects":true,"showParticleSystems":true,"showVisualEffectGraphs":true,"m_FxEnabled":true},"in2DMode":false,"pivot":{"x":2.130000114440918,"y":1.5800000429153443,"z":-3.9200000762939455},"rotation":{"x":0.041749563068151477,"y":-0.7165606617927551,"z":0.04304292052984238,"w":0.6949530839920044},"size":9.190024375915528,"orthographic":true}